,ID,SNP,POS,REF,ALT,GENE,EFF,AA
39,471588,T76A,76,T,A,5'UTR,UTR,NA
22,445602,T78G,78,T,G,5'UTR,UTR,NA
40,471588,T78G,78,T,G,5'UTR,UTR,NA
34,453058,TGTTATG514T,514,TGTTATG,T,ORF1ab,nonsynonymous,p.Met85_Val86del
6,435805,C635T,635,C,T,ORF1ab,nonsynonymous,p.Arg124Cys
12,444446,C635T,635,C,T,ORF1ab,nonsynonymous,p.Arg124Cys
18,444633,C635T,635,C,T,ORF1ab,nonsynonymous,p.Arg124Cys
13,444446,C683T,683,C,T,ORF1ab,synonymous,p.Leu140Leu
9,442978,G1478A,1478,G,A,ORF1ab,nonsynonymous,p.Ala405Thr
3,433227,C1549T,1549,C,T,ORF1ab,synonymous,p.Ser428Ser
28,450348,C1628CA,1628,C,CA,ORF1ab,nonsynonymous,p.Glu457fs
19,444633,C3714T,3714,C,T,ORF1ab,nonsynonymous,p.Ser1150Leu
5,435786,C5416T,5416,C,T,ORF1ab,synonymous,p.Tyr1717Tyr
35,459597,G7936T,7936,G,T,ORF1ab,synonymous,p.Ala2557Ala
36,471467,CA8376C,8376,CA,C,ORF1ab,nonsynonymous,p.Ser2706fs
10,444332,T9481C,9481,T,C,ORF1ab,synonymous,p.Gly3072Gly
30,451709,G10046T,10046,G,T,ORF1ab,nonsynonymous,p.Val3261Phe
20,444633,C11152T,11152,C,T,ORF1ab,synonymous,p.Val3629Val
23,445602,A11567AT,11567,A,AT,ORF1ab,nonsynonymous,p.Phe3770fs
25,449650,A11567AT,11567,A,AT,ORF1ab,nonsynonymous,p.Phe3770fs
37,471467,A11567AT,11567,A,AT,ORF1ab,nonsynonymous,p.Phe3770fs
1,432870,C12623T,12623,C,T,ORF1ab,nonsynonymous,p.Pro4120Ser
14,444446,C13011T,13011,C,T,ORF1ab,nonsynonymous,p.Thr4249Ile
31,451709,T14933A,14933,T,A,ORF1ab,nonsynonymous,p.Ter4890Lysext*?
27,450241,C15714T,15714,C,T,ORF1ab,nonsynonymous,p.Ser5150Phe
41,471588,A16693G,16693,A,G,ORF1ab,synonymous,p.Leu5476Leu
11,444332,C20178T,20178,C,T,ORF1ab,nonsynonymous,p.Ser6638Phe
29,451152,C22713T,22713,C,T,S,nonsynonymous,p.Pro384Leu
4,433227,CT23334C,23334,CT,C,S,nonsynonymous,p.Phe592fs
2,432870,G24933T,24933,G,T,S,nonsynonymous,p.Gly1124Val
15,444446,C25521T,25521,C,T,ORF3a,synonymous,p.Phe43Phe
7,435805,C25578T,25578,C,T,ORF3a,synonymous,p.Ile62Ile
38,471467,G27598C,27598,G,C,ORF7a,nonsynonymous,p.Asp69His
32,451709,C28011T,28011,C,T,ORF8,nonsynonymous,p.His40Tyr
8,435805,C28253T,28253,C,T,ORF8,synonymous,p.Phe120Phe
16,444446,C28253T,28253,C,T,ORF8,synonymous,p.Phe120Phe
21,444633,C28253T,28253,C,T,ORF8,synonymous,p.Phe120Phe
26,449650,C28253T,28253,C,T,ORF8,synonymous,p.Phe120Phe
33,451709,C28472T,28472,C,T,N,nonsynonymous,p.Pro67Ser
17,444446,C28905T,28905,C,T,N,nonsynonymous,p.Ala211Val
24,445602,T29576C,29576,T,C,ORF10,nonsynonymous,p.Phe7Leu