"","ID","SNP","POS","REF","ALT","GENE","EFF","AA"
"1","471876","T733C",733,"T","C","ORF1ab","synonymous","p.Asp156Asp"
"2","471876","C2110T",2110,"C","T","ORF1ab","synonymous","p.Asn615Asn"
"3","471876","C3267T",3267,"C","T","ORF1ab","nonsynonymous","p.Thr1001Ile"
"4","471876","C5388A",5388,"C","A","ORF1ab","nonsynonymous","p.Ala1708Asp"
"5","471876","T6954C",6954,"T","C","ORF1ab","nonsynonymous","p.Ile2230Thr"
"6","471876","T7984C",7984,"T","C","ORF1ab","synonymous","p.Asp2573Asp"
"7","471876","C8832T",8832,"C","T","ORF1ab","nonsynonymous","p.Ala2856Val"
"8","471876","C10156T",10156,"C","T","ORF1ab","synonymous","p.Asp3297Asp"
"9","471876","C14120T",14120,"C","T","ORF1ab","nonsynonymous","p.Gln4619*"
"10","471876","C14408T",14408,"C","T","ORF1ab","synonymous","p.Leu4715Leu"
"11","471876","T16176C",16176,"T","C","ORF1ab","nonsynonymous","p.Leu5304Pro"
"12","471876","G17259T",17259,"G","T","ORF1ab","nonsynonymous","p.Ser5665Ile"
"13","471876","C17436T",17436,"C","T","ORF1ab","nonsynonymous","p.Ala5724Val"
"14","471876","C19390T",19390,"C","T","ORF1ab","synonymous","p.Val6375Val"
"15","471876","C21855T",21855,"C","T","S","nonsynonymous","p.Ser98Phe"
"16","471876","TTTA21990T",21990,"TTTA","T","S","nonsynonymous","p.Tyr145del"
"17","471876","C23525T",23525,"C","T","S","nonsynonymous","p.His655Tyr"
"18","471876","G23593T",23593,"G","T","S","nonsynonymous","p.Gln677His"
"19","471876","C23604A",23604,"C","A","S","nonsynonymous","p.Pro681His"
"20","471876","C23709T",23709,"C","T","S","nonsynonymous","p.Thr716Ile"
"21","471876","T24506G",24506,"T","G","S","nonsynonymous","p.Ser982Ala"
"22","471876","G24914C",24914,"G","C","S","nonsynonymous","p.Asp1118His"
"23","471876","G26268T",26268,"G","T","E","nonsynonymous","p.Glu8Asp"
"24","471876","G26268C",26268,"G","C","E","nonsynonymous","p.Glu8Asp"
"25","471876","C27972T",27972,"C","T","ORF8","nonsynonymous","p.Gln27*"
"26","471876","G28048T",28048,"G","T","ORF8","nonsynonymous","p.Arg52Ile"
"27","471876","A28095T",28095,"A","T","ORF8","nonsynonymous","p.Lys68*"
"28","471876","A28111G",28111,"A","G","ORF8","nonsynonymous","p.Tyr73Cys"
"29","471876","C28869T",28869,"C","T","N","nonsynonymous","p.Pro199Leu"
"30","471876","G28881A",28881,"G","A","N","nonsynonymous","p.Arg203Lys"
"31","471876","G28882A",28882,"G","A","N","synonymous","p.Arg203Arg"
"32","471876","G28883C",28883,"G","C","N","nonsynonymous","p.Gly204Arg"
"33","471876","C29095T",29095,"C","T","N","synonymous","p.Phe274Phe"
"34","471876","TA29377T",29377,"TA","T","N","nonsynonymous","p.Lys370fs"
"35","471876","G29402T",29402,"G","T","N","nonsynonymous","p.Asp377Tyr"
"36","471876","G29422T",29422,"G","T","N","synonymous","p.Pro383Pro"
"37","471876","G29440T",29440,"G","T","N","nonsynonymous","p.Gln389His"
"38","471876","CA29441C",29441,"CA","C","N","nonsynonymous","p.Thr391fs"
"39","475670","C6196T",6196,"C","T","ORF1ab","synonymous","p.Pro1977Pro"
"40","475670","G7405T",7405,"G","T","ORF1ab","nonsynonymous","p.Met2380Ile"
"41","475670","C12778T",12778,"C","T","ORF1ab","synonymous","p.Tyr4171Tyr"
"42","481242","CA8299C",8299,"CA","C","ORF1ab","nonsynonymous","p.Val2680fs"
"43","481242","C9502T",9502,"C","T","ORF1ab","synonymous","p.Ala3079Ala"
"44","481242","CA10820C",10820,"CA","C","ORF1ab","nonsynonymous","p.Thr3520fs"
"45","481242","T10933C",10933,"T","C","ORF1ab","synonymous","p.Pro3556Pro"
"46","481242","T11566C",11566,"T","C","ORF1ab","synonymous","p.Pro3767Pro"
"47","481242","G16396A",16396,"G","A","ORF1ab","synonymous","p.Gln5377Gln"
"48","481242","C23604A",23604,"C","A","S","nonsynonymous","p.Pro681His"
"49","481242","C24642T",24642,"C","T","S","nonsynonymous","p.Thr1027Ile"
"50","481242","G25348C",25348,"G","C","S","nonsynonymous","p.Glu1262Asp"
"51","481242","C28512G",28512,"C","G","N","nonsynonymous","p.Pro80Arg"
"52","481242","CT29679C",29679,"CT","C","3'UTR","UTR",NA
"53","481242","G29701A",29701,"G","A","3'UTR","UTR",NA
"54","482828","G22936T",22936,"G","T","S","nonsynonymous","p.Lys458Asn"
"55","482828","C25207T",25207,"C","T","S","synonymous","p.Tyr1215Tyr"
"56","482828","TA28270T",28270,"TA","T","UTR","UTR",NA
"57","482828","G28280C",28280,"G","C","N","nonsynonymous","p.Asp3His"
"58","482828","T28282A",28282,"T","A","N","nonsynonymous","p.Asp3Glu"
"59","487250","G2666C",2666,"G","C","ORF1ab","nonsynonymous","p.Ala801Pro"
"60","487250","CA3634C",3634,"CA","C","ORF1ab","nonsynonymous","p.Gly1125fs"
"61","487250","C4901A",4901,"C","A","ORF1ab","nonsynonymous","p.Leu1546Ile"
"62","487250","G6323A",6323,"G","A","ORF1ab","nonsynonymous","p.Glu2020Lys"
"63","487250","CA8376C",8376,"CA","C","ORF1ab","nonsynonymous","p.Ser2706fs"
"64","487250","CA22009C",22009,"CA","C","S","nonsynonymous","p.Ser151fs"
